Word,Count
AI,45
미래,7
연휴,7
설,7
글로벌,7
뉴스,7
전략,6
S,6
기술,6
25,6
PRISM,6
삼성,6
기업,6
산업,5
성장,5
투자,5
눈,5
한국,5
K,4
인재,4
선,4
부진,4
본격,4
로봇,4
갤럭시,4
확보,4
경쟁,4
쓰다,4
자다,4
국내,4
주간,4
데이터,4
애플,4
36년,3
예상,3
구축,3
학교,3
트럼프,3
신입,3
증시,3
대한민국,3
판매,3
시대,3
부서,3
장기,3
통신,3
베테,3
엔지니어,3
투입,3
시스템,3
에이전트,3
공개,3
스타트업,3
취준생,3
클라우드,3
대학생,3
박물관,3
G,3
치료,3
성과,3
증가,3
테크,3
한미,3
업계,3
반도체,3
오라클,3
설계,2
솔루션,2
아파트,2
 ,2
인터뷰,2
사업,2
첨단,2
무선,2
제시,2
시장,2
BGA,2
급증,2
넥스트,2
FC,2
열풍,2
전자부품,2
서비스,2
오픈,2
시연,2
제안,2
미국,2
없이,2
효율,2
인증,2
조준,2
동맹,2
환자,2
과학기술,2
폰,2
공유,2
프로그램,2
운영,2
교육,2
소프트웨어,2
사전,2
IT,2
인천,2
폭탄,2
매출,2
명절,2
워드,2
키,2
국제,2
칩,2
경기,2
직장인,2
모빌리티,2
이렇게,2
모바일,2
날씨,2
순환,2
전북,2
친환경,2
엔비디아,2
건강,2
가속,2
아이폰,2
법,2
소재,2
재활용,2
지원,2
먹거리,2
혁신,2
연결,2
황금,2
렉,2
쏠리다,2
흥행,2
롯데,2
절감,2
전기,2
주식,2
복지,2
미라,2
종목,2
FEMS,2
수출,2
대화,2
편입,2
2월,2
MSCI,2
LG,2
디지털,2
모르다,2
수요,2
APEC,2
엑스,2
고객,2
최태원,2
회장,2
부품,2
배,2
1년,2
플랫폼,2
HD,2
인프라,2
형,2
신호,2
바이오,1
신규,1
채용,1
전용,1
안되다,1
놓치다,1
작다,1
히트,1
사하라,1
양산,1
고비,1
비만,1
시그널,1
유증,1
안,1
상장,1
기술특례,1
르노,1
꿈,1
가깝다,1
불다,1
경남,1
중국,1
채우다,1
매우,1
우수,1
들이다,1
KTL,1
스캐터,1
학,1
애국,1
의사,1
연구,1
차세대,1
의료,1
공급,1
탄약,1
러시아군,1
쓸다,1
최전선,1
우,1
北,1
체인,1
게임,1
엿보다,1
판,1
좋다,1
큰일,1
컨셉,1
E,1
트윙,1
원샷,1
펀드,1
GS,1
수익률,1
세계,1
복대,1
하나로,1
태아,1
저궤도,1
eSIM,1
가동,1
서학,1
퍼스트,1
아메리카,1
상해,1
패키지,1
이광재,1
최초,1
다운,1
심장,1
2초,1
영화,1
필요하다,1
FTA,1
동학,1
성공,1
개미,1
매수,1
200,1
대상,1
종합,1
금융위기,1
텍츠,1
위성,1
찰떡,1
마오,1
이참,1
누르다,1
링크,1
문자,1
님,1
산,1
선물,1
스미싱,1
1등,1
값,1
칙,1
보안,1
그래픽,1
도전,1
살다,1
인터넷,1
특화,1
추론,1
화웨이,1
가족,1
행동,1
넘어서다,1
43.6조원,1
회의,1
앞두다,1
TSMC,1
부동산,1
트렌드,1
2025년,1
마음,1
거북이,1
285,1
SK,1
실시간,1
완료,1
파이프라인,1
한국은행,1
펜,1
산호,1
닷,1
바,1
카메라,1
하이닉스,1
푸른,1
뷰티,1
팩,1
언,1
2천만원,1
48억,1
중기,1
체질개선,1
패러다임,1
광양시,1
부금,1
정교,1
생애,1
특별,1
경기도,1
의원,1
이수진,1
신년,1
아키,1
렌더링,1
꼽,1
울트라,1
RTX,1
레드햇,1
인프라스트럭처,1
개사,1
개발,1
리포트,1
스페셜,1
시프트,1
I,1
버추,1
어르다,1
A,1
제이,1
찍다,1
젠슨,1
션,1
엔진,1
KOLAS,1
품질,1
마케팅,1
정보보안,1
인상,1
연봉,1
형성,1
생태계,1
거대하다,1
미디어,1
융합,1
시리즈,1
50,1
2.0,1
지속,1
청장,1
경제,1
협약,1
적용,1
종,1
리뷰,1
호소,1
스트레스,1
죽다,1
불안하다,1
차다,1
살리다,1
발열,1
건강하다,1
바뀌다,1
그물,1
버려진,1
파고들다,1
살갗,1
잡고,1
작업,1
충실하다,1
가상화,1
광경,1
끔찍하다,1
인텔,1
코어,1
전혀,1
그냥,1
뒷받침,1
착수,1
기술이전,1
앞장서다,1
이드,1
이력,1
윤원,1
어젠다,1
출범,1
2040,1
KIST,1
진흥,1
고등교육,1
제약,1
부산,1
보험,1
펫,1
무한,1
보장,1
염증,1
체계,1
질환,1
사고,1
물리다,1
프로모션,1
학기,1
책상,1
유리,1
엑소,1
가장,1
가입,1
클럽,1
구독,1
New,1
중견,1
체험,1
강조,1
불황,1
컬처,1
의존,1
너무,1
힘,1
패션,1
株,1
유통,1
선언,1
﻿家,1
이마트,1
CJ,1
ONE,1
포인트,1
적립,1
급등,1
꽂다,1
이동수,1
계획,1
열리다,1
도약,1
계기,1
현금,1
6조원,1
SDS,1
에너지,1
성조기,1
진출,1
윤활유,1
정유,1
액침,1
냉각,1
화성,1
사용,1
퍼플,1
시티,1
교통량,1
콘,1
참가,1
배송,1
물류,1
입지,1
강화,1
분석,1
틱톡,1
교차로,1
조절,1
과학,1
교통,1
체증,1
탄생,1
디자인,1
전시회,1
두산,1
100,1
국회,1
고도화,1
LLMOps,1
모델,1
주력,1
해외,1
아크릴,1
GPT,1
챗,1
포함,1
방안,1
정부,1
합병,1
DNA,1
발전,1
통해,1
현대,1
기대,1
실무,1
CNS,1
기관,1
일반,1
사주,1
오토,1
전환,1
에버,1
실적,1
발표,1
수장,1
대기업,1
SI,1
일자리,1
투자자,1
성장동력,1
자금,1
경쟁력,1
대감,1
훈풍,1
자본,1
중동,1
모으다,1
모주,1
달력,1
외국인,1
개국,1
화두,1
관심,1
돌아오다,1
축,1
내비게이션,1
능력,1
대거,1
포스코,1
DX,1
영향,1
역대,1
추다,1
주가,1
탈락,1
대장,1
공장,1
앤,1
씨,1
거래,1
량,1
처리,1
성적,1
밸류업,1
체질,1
뉴,1
다시,1
이통,1
세분,1
LGU,1
협력,1
KT,1
SKT,1
비상,1
통신사,1
트래픽,1
설날,1
문의,1
의혹,1
비화,1
이동,1
도시,1
스카,1
정상,1
포켓몬,1
주년,1
비결,1
케이,1
병원,1
이브,1
테마,1
공식,1
최소,1
침습,1
맞춤,1
인공,1
관절,1
SW,1
신재생에너지,1
보이스피싱,1
한,1
맛집,1
시립,1
분관,1
무료,1
전시,1
가만,1
원망,1
부안,1
대신,1
평화,1
염원,1
히바쿠샤,1
얼굴,1
특별자치도,1
연수,1
센터,1
선정,1
호남,1
일상,1
87년,1
무등,1
아침,1
심,1
상치,1
민심,1
통,1
이재명,1
대세,1
의문,1
표,1
달리다,1
이유,1
정치,1
협박,1
빙자,1
헌법,1
갖추다,1
역량,1
XR,1
최,1
성능,1
탓,1
조치,1
특단,1
굴욕,1
엉터리,1
안경,1
스마트,1
번역,1
휴게소,1
후경,1
식,1
올라가다,1
팔자,1
노트,1
답변,1
가라,1
비서,1
벌써,1
새해,1
촉각,1
업종,1
출장,1
이재용,1
내주,1
항소심,1
선고,1
무당,1
상용,1
CUA,1
컴퓨터,1
적설,1
cm,1
서울,1
펑펑,1
강원,1
하루,1
선도,1
대중화,1
주의,1
살얼음,1
빙판,1
중부지방,1
예방,1
행보,1
속도,1
길다,1
관광,1
나들이,1
뻔하다,1
펀,1
FUN,1
맞이,1
충남,1
누리집,1
전문,1
버거,1
∙,1
보성,1
꼬막,1
비빔밥,1
고향,1
기다,1
앞장,1
상생,1
지역,1
시설,1
교육청,1
광주시,1
역할,1
해소,1
격차,1
참여,1
486,1
1천,1
겨울방학,1
기회,1
자회사,1
업체,1
판박이,1
