url,title
https://www.teamblind.com/kr/post/IT-%EA%B8%B0%EC%97%85%EB%8F%84-%ED%95%99%EB%B2%8C%EB%B3%B4%EB%82%98%EC%9A%94-Ef1pTmg7,IT 기업도 학벌보나요?
https://www.teamblind.com/kr/post/%EC%9D%80%ED%96%89-it-vs-%EC%B9%B4%EB%93%9C-it-vs-%EC%A6%9D%EA%B6%8C-it-vs-%EB%B3%B4%ED%97%98-it-K7n3eg0R,은행 it vs 카드 it vs 증권 it vs 보험 it
https://www.teamblind.com/kr/post/IT-%EA%B8%B0%EC%97%85-%EB%9E%AD%ED%82%B9-6ycQDdAE,IT 기업 랭킹
https://www.teamblind.com/kr/post/%EC%A4%91%EA%B2%AC-%EC%A4%91%EC%86%8C-it-%EC%97%B0%EB%B4%89%EC%9D%B8%EC%83%81%EB%A5%A0-8VSVgXnn,중견 중소 it 연봉인상률
https://www.teamblind.com/kr/post/%EC%9A%B0%EB%A6%AC%EC%9D%80%ED%96%89-it-%EC%9D%B4%EC%A0%84-vyr3DYoW,우리은행 it 이전?
https://www.teamblind.com/kr/post/%EC%82%BC%EC%84%B1%EC%A6%9D%EA%B6%8C-it-vs-%EC%9D%80%ED%96%89-it-ZJ1pAMei,삼성증권 it vs 은행 it
https://www.teamblind.com/kr/post/%EB%86%8D%ED%98%91%EC%A4%91%EC%95%99%ED%9A%8C-IT-vs-%ED%95%9C%EA%B5%AD%ED%88%AC%EC%9E%90%EC%A6%9D%EA%B6%8C-IT-0iH0heDh,농협중앙회 IT vs 한국투자증권 IT
https://www.teamblind.com/kr/post/it-%EC%97%94%EC%A7%80%EB%8B%88%EC%96%B4-%EC%97%AC%EC%9E%90%EC%9D%98-%EC%82%B6-QW3oCgGi,it 엔지니어 여자의 삶
https://www.teamblind.com/kr/post/%EA%B3%A0%EB%A0%A4%EC%95%84%EC%97%B0-IT-wvEtusvG,고려아연 IT
https://www.teamblind.com/kr/post/%ED%95%9C%EA%B5%AD%EA%B1%B0%EB%9E%98%EC%86%8C-it-vs-skt-it-sb7PhGta,한국거래소 it vs skt it
https://www.teamblind.com/kr/post/%EC%82%BC%EC%A0%84-MX-vs-%ED%98%84%EA%B8%B0%EC%B0%A8-IT-1GhpgYih,삼전 MX vs 현기차 IT
https://www.teamblind.com/kr/post/%EB%86%8D%ED%98%91%EC%9D%80%ED%96%89-IT-CPk4uKdE,농협은행 IT
https://www.teamblind.com/kr/post/I-Feel-It-Coming-K6tAGskg,I Feel It Coming
https://www.teamblind.com/kr/post/%EC%8B%A0%ED%95%9C%EC%9D%80%ED%96%89-IT-vs-%EC%B9%B4%EC%B9%B4%EC%98%A4%EB%B1%85%ED%81%AC-IT-fRKbL3sH,신한은행 IT vs 카카오뱅크 IT
https://www.teamblind.com/kr/post/%ED%95%9C%EA%B5%AD%EC%88%98%EC%B6%9C%EC%9E%85%EC%9D%80%ED%96%89-IT-%EB%B6%80%EB%AC%B8-vPYfWNfQ,한국수출입은행 IT 부문
https://www.teamblind.com/kr/post/%EC%8B%A0%ED%95%9C%EC%9D%80%ED%96%89-IT-vs-%ED%95%9C%EA%B5%AD%EC%A0%84%EB%A0%A5%EA%B3%B5%EC%82%AC-IT-0aWgbLNK,신한은행 IT vs 한국전력공사 IT
https://www.teamblind.com/kr/post/%EB%86%8D%ED%98%91-it-vs-%EC%A6%9D%EA%B6%8C%EC%82%AC-it-UyADQObB,농협 it vs 증권사 it
https://www.teamblind.com/kr/post/it-%EA%B0%9C%EB%B0%9C%EC%9E%90%ED%98%95%EB%93%A4-%EC%A0%95%EB%A7%90-%EC%97%B0%EB%B4%89%EC%9D%B4%EB%9E%91-%EC%9D%B8%EC%83%81%EB%A5%A0-%EB%86%92%EC%95%84-sWq25q8K,it 개발자형들 정말 연봉이랑 인상률 높아?
https://www.teamblind.com/kr/post/%EB%A1%AF%EB%8D%B0-IT-%EA%B5%AC%EC%A1%B0-RoFKUCRc,롯데 IT 구조
https://www.teamblind.com/kr/post/%EC%9A%B0%EB%A6%AC-it-%EA%B8%B0%EC%97%85%EB%93%A4%EC%9D%80-qG1gZrdN,우리 it 기업들은
https://www.teamblind.com/kr/post/%EB%86%8D%ED%98%91%EC%9D%80%ED%96%89-5%EA%B8%89-it-vs-%EA%B8%B0%EC%97%85%EC%9D%80%ED%96%89-it-btaqPkyu,농협은행 5급 it vs 기업은행 it
https://www.teamblind.com/kr/post/%EC%A7%80%EA%B8%88%EB%B6%80%ED%84%B0-IT-%EA%B0%9C%EA%B7%B8%EB%A5%BC-%EC%8B%9C%EC%9E%91%ED%95%9C%EB%8B%A4-ujAXeHyM,지금부터 IT 개그를 시작한다
https://www.teamblind.com/kr/post/%ED%98%84%EC%B0%A8-IT-%EC%B1%84%EC%9A%A9-%EA%B4%80%EB%A0%A8-PsXxiwgG,현차 IT 채용 관련
https://www.teamblind.com/kr/post/IT-%ED%86%A0%EC%8A%A4%EB%B1%85%ED%81%ACvs%EB%86%8D%ED%98%91%EC%A4%91%EC%95%99%ED%9A%8Cvs%EC%98%A4%ED%86%A0%EC%97%90%EB%B2%84vs%EC%8B%A0%ED%95%9C%EC%9D%80%ED%96%89-eyiUN6u0,IT 토스뱅크vs농협중앙회vs오토에버vs신한은행
https://www.teamblind.com/kr/post/It-cGtySmcK,It
https://www.teamblind.com/kr/post/it-%EC%B7%A8%EC%A7%81-s4dD8meJ,it 취직
https://www.teamblind.com/kr/post/%EB%82%98%ED%8F%89%EC%A0%95-IT-%EA%B2%BD%EB%A0%A5%EC%A7%81-%EC%96%B4%ED%95%99%EC%84%B1%EC%A0%81-b0BvgBgj,나평정 IT 경력직 어학성적
https://www.teamblind.com/kr/post/%EC%8B%A0%ED%95%9C%EC%9D%80%ED%96%89-vs-%EC%BD%94%EC%8A%A4%EC%BD%A4-IT-fSEJd8o3,신한은행 vs 코스콤 IT
https://www.teamblind.com/kr/post/It-%EC%84%9C%EB%B9%84%EC%8A%A4%EA%B8%B0%ED%9A%8D-%EC%8B%A0%EC%9E%85-sRd43Vqz,It 서비스기획 신입?
https://www.teamblind.com/kr/post/%EA%B5%90%EB%B3%B4%EC%83%9D%EB%AA%85-it-MqNVd8e2,교보생명 it
https://www.teamblind.com/kr/post/%EC%BD%94%EB%A6%AC%EC%95%88%EB%A6%AC-IT-%EC%A7%81%EA%B5%B0-oDKU4xn6,코리안리 IT 직군
https://www.teamblind.com/kr/post/%EA%B8%88%EC%9C%B5%ED%9A%8C%EC%82%AC-IT-vs-%EC%9D%80%ED%96%89-IT-aNuTcOAP,금융회사 IT vs 은행 IT
https://www.teamblind.com/kr/post/%EC%BD%94%EB%A6%AC%EC%95%88%EB%A6%AC-it%EC%A0%84%EC%82%B0-62hFyd4T,"코리안리 it,전산"
https://www.teamblind.com/kr/post/[%EC%A7%88%EB%AC%B8]-IT-%ED%94%84%EB%A6%AC%EB%9E%9C%EC%84%9C-TbweW2d0,[질문] IT 프리랜서
https://www.teamblind.com/kr/post/%ED%8C%8C%EC%9D%B4%EC%8D%AC%EC%9D%80-%EA%B8%88%EC%9C%B5-it-%EC%A7%81%EB%AC%B4%EC%9E%85%EC%82%AC%EC%97%90-%EB%AC%B4%EC%93%B8%EB%AA%A8-cNCuyXGw,파이썬은 금융 it 직무입사에  무쓸모?
https://www.teamblind.com/kr/post/%EB%86%8D%ED%98%91%EC%A4%91%EC%95%99%ED%9A%8C-%EB%86%8D%ED%98%91%EC%9D%80%ED%96%89-IT-XWQVC20M,농협중앙회 농협은행 IT
https://www.teamblind.com/kr/post/It-6n4JD1sT,It
https://www.teamblind.com/kr/post/%EA%B5%90%EC%A7%81%EC%9B%90%EA%B3%B5%EC%A0%9C%ED%9A%8C-%EB%86%8D%ED%98%91%EC%A4%91%EC%95%99%ED%9A%8Cit-KkSSD6fm,"교직원공제회, 농협중앙회(it)"
https://www.teamblind.com/kr/post/nh%ED%88%AC%EC%9E%90%EC%A6%9D%EA%B6%8C-IT-NEhXEcUm,nh투자증권 IT
https://www.teamblind.com/kr/post/KDB%EC%83%9D%EB%AA%85-It-XSrHveVw,KDB생명 It
https://www.teamblind.com/kr/post/HD%ED%98%84%EB%8C%80%EC%9D%BC%EB%A0%89%ED%8A%B8%EB%A6%AD-IT-VS-HD%ED%95%9C%EA%B5%AD%EC%A1%B0%EC%84%A0%ED%95%B4%EC%96%91-%EB%AF%B8%EA%B8%B0%EC%9B%90-uKu6JXC0,HD현대일렉트릭 IT VS HD한국조선해양 미기원
https://www.teamblind.com/kr/post/%EA%B8%88%EA%B0%90%EC%9B%90-IT-gqvBoCyB,금감원 IT
https://www.teamblind.com/kr/post/IT-%EA%B0%9C%EB%B0%9C%EC%9E%90-%EC%A0%84%EB%A7%9D-wCwQVruy,IT 개발자 전망
https://www.teamblind.com/kr/post/%EC%BA%90%EB%A1%AF%EC%86%90%ED%95%B4%EB%B3%B4%ED%97%98-IT-%EC%A7%81%EA%B5%B0-n7C5vn8F,캐롯손해보험 IT 직군
https://www.teamblind.com/kr/post/%EC%9A%B0%EB%A6%AC%EC%9D%80%ED%96%89-IT-vs-%EC%8B%A0%ED%95%9C%EC%9D%80%ED%96%89-IT-2Nmfy0zM,우리은행 IT vs 신한은행 IT
https://www.teamblind.com/kr/post/%EA%B8%88%ED%98%B8%EC%84%9D%EC%9C%A0%ED%99%94%ED%95%99-it-nWY3JDDn,금호석유화학 it
https://www.teamblind.com/kr/post/%EA%B5%90%EB%B3%B4%EB%AC%B8%EA%B3%A0-IT-%EA%B8%B0%ED%9A%8D-%EC%A7%81%EB%AC%B4-Gpc8aFHM,교보문고 IT 기획 직무
